3dr:type,1
4wd_only,3
AIN,9713
ALAND,332
APN,49
AREA,9234
AREAID,335
AWATER,332
Acres,1
Admin_Type,2
Area_sq_mi,1
BLD_ID,9924
BLD_STATUS,368
BOUNDARYST,3
Building_1,2
Building_F,2
Building_I,2
CCR,1
CCR_Int,1
CODE,9272
COUNTYFP,317
Common_Nam,3
DATE_,9924
DFG_URL,1
ELEV,9234
Edit_Date,2
FAA,1
FAA:LFSN,27
FAA:type,6
FG:COND_INDEX,3
FG:GPS_DATE,3
FG:ORG_CODE,3
FG:PROP_NO,3
FG:RTE,3
FG:area,3
FG:lane_miles,3
FG:perimeter,3
FG:photo,3
FG:route,3
FG:rte_description,3
FG:station,3
FG:visitors,3
FIXME,1733
FIXME:NHS,43
FIXME:access,1
FIXME:bicycle,91
FIXME:cycleway,33
FIXME:highway,16
FIXME:landuse,1
FIXME:lanes,32
FIXME:man_made,2
FIXME:maxspeed,20
FIXME:name,6
FIXME:natural,5
FIXME:old_ref,20
FIXME:old_ref:legislative,3
FIXME:ref,9
FIXME:tracktype,3
FMMP_modified,669
FMMP_reviewed,669
FULLNAME,1
Federal_En,2
GIS_ACRES,3
Geometry_I,2
HEIGHT,11309
Hectares,1
ID,16
InBld_FID,368
Is_Extant,2
Is_Sensiti,2
Locust,1
MTFCC,333
Map_Method,2
Map_Source,2
Modsuts,1
NHD:ComID,789
NHD:FCode,964
NHD:FDate,18
NHD:FTYPE,18
NHD:FType,946
NHD:GNIS_ID,13
NHD:GNIS_Name,13
NHD:Permanent_,18
NHD:RESOLUTION,771
NHD:ReachCode,962
NHD:Resolution,18
NHD:way_id,771
NHS,3251
NOTES,2336
NRHP,3
Name,37
NavigateLA:highway,18
Note,1
OBJECTID,2
OBJECTID_1,2
Open_Date,45
PLSS:state,1
Polygon_Ty,2
SHAPE_Area,5
SHAPE_Leng,5
SHORTNAME,1
SOURCE,9204
STATEFP,317
Services offered,1
Shape_Area,9924
Shape_Leng,9924
Source,1
Source_Dat,2
Specialist,1
Street,1
Study_Regi,1
SustainableWorks,1
TODO,1
TYPE,2269
Tiger:MTFCC,454
Type,3
UPA 13,1
Unit_Code,2
WILDERNESS,3
YDS,2
_id,5953758
abandoned,16
abandoned:access,1
abandoned:aeroway,5
abandoned:amenity,2
abandoned:highway,8
abandoned:hov,1
abandoned:lanes,1
abandoned:oneway,1
abandoned:tourism,1
abbr_name,2
abutters,532
acc,1
access,25439
access:conditional,16
access:disabled,6
access:emergency,1
access:lanes,2
access:lanes:backward,10
access:lanes:forward,8
accuracy,51
accuracy:horizontal,1
accuracy:vertical,1
acres,556
addr,4
address,5953758
admin_level,681
administrative,8
advertising,3
aerialway,163
aerialway:occupancy,43
aerodrome,1
aerodrome:type,2
aeroway,1896
agency,36
aircraft:type,1
airlines,2
alcohol,14
alt_name,1462
alt_name_1,12
alt_name_2,3
alt_ref,1
amenity,35675
amenity_1,4
amenity_2,1
american_football,3
amusement,1
animal,2
animal_boarding,2
animal_keeping,5
animal_keeping:type,9
ant_sys_ref,48
ant_sys_ref:day,12
ant_sys_ref:night,12
antenna,47
apn,370
architect,2
area,6789
area:highway,25
artist_name,7
artwork:type,2
artwork_type,22
asset_ref,2
atm,375
atm:drive_through,1
atm:network,9
atm:operator,5
attendant,1
attraction,78
attribution,1792
authorized,3
automated,71
automatic,1
backcountry,3
backrest,135
bad_maxspeed,160
bad_name,1
bak:fac_type1,1
bak:fac_type2,1
balcony,1
bar,15
bar:name,1
barbed_wire,1
barn,1
barrier,18170
barrier:key,35
barrier:keypad,6
barrier:magnetic_stripe,4
barrier:personnel,8
barrier:rfid,1
baseball,6
basin,31
beacon,53
beacon:colour,40
beacon:shape,1
beacon:text,1
bench,51
bicycle,16515
bicycle:access:note,11
bicycle:lanes:backward,10
bicycle:lanes:forward,8
bicycle_parking,37
bicycle_road,4
bike,8
bing,1
bitcoin:address,1
block,6
block_type,5
board_type,27
boat,195
bollard,13
books,5
border_type,444
bottle,27
boundary,806
boundary:type,4
boundary_type,19
branch,34
branch:type,2
branch_type,1
brand,576
brewery,1
brewery:minage,1
bridge,10519
bridge:alt_name,1
bridge:name,1
bridge_name,1001
bridge_ref,1043
bridge_type,39
builder,82
building,135681
building:color,41
building:colour,83
building:colour_1,1
building:facade,1
building:facade:material,1
building:flats,83
building:height,7
building:historic,1
building:levels,1820
building:levels:aboveground,8
building:levels:belowground,1
building:levels:underground,2
building:material,98
building:min_level,7
building:min_levels,1
building:part,142
building:use,477
building_1,113
building_2,1
building_type,32
buoy,74
buoy:colour,73
buoy:shape,1
buoy:text,11
bus,362
busway,3
button,1
button_operated,12
cabins,2
cables,831
caltrans:district,200
caltrans:dynsegpm,83
caltrans:pctuse,113
caltrans:type,83
camera:mount,18
camera:type,18
camera_rentals,1
camping,5
campus,1
canoe_rental,1
capacity,500
capacity:disabled,43
capacity:parent,12
capacity:women,12
car_wash,26
caravans,4
cargo,1
cat,1
category,1
census:population,91
census:population_1,1
centre_turn_lane,4
change:lanes,7
change:lanes:forward,1
channel,8
charge,8
church:type,1
cinema:3D,1
circuits,481
city,23
city_served,2
closed,2
closest_town,34
clothes,13
club,1
collection_times,14
color,363
colour,251
comment,6
communication,1
communication:mobile_phone,2
communications_transponder:service,1
community,1
community:gender,1
community_centre,4
community_centre:access,4
community_centre:name,1
community_centre:wheelchair,1
complete:turn_restrictions,1
composting,2
condition,3
conservation,1
construction,491
construction:date,37
construction:highway,1
construction:operator,35
construction:railway,13
contact:email,9
contact:facebook,3
contact:facebook:es,1
contact:fax,4
contact:phone,66
contact:phone_1,1
contact:twitter:1,1
contact:twitter:2,1
contact:website,25
content,85
contents,9
converter,1
conveying,1
cooking,1
cost,1
country,4
court:reporter,1
courts,36
covered,429
craft,28
crane:note,2
crane:type,29
created,5953758
created_by,17515
crop,3
crossing,4658
crossing:barrier,13
crossing:bell,13
crossing:light,17
crossing_ref,63
csp:globalid,97
csp:unitcode,97
cuisine,2886
cutline,145
cutting,208
cyc,1
cycle,2
cyclerating,350
cyclestreets_id,1
cycleway,3876
cycleway:backward,3
cycleway:left,5
cycleway:right,51
date_off,3
date_on,3
day_off,6
day_off_1,3
day_on,6
day_on_1,3
daytime_headlight,2
daytime_headlinghts,5
deaf,2
delivery,28
demolished:amenity,2
demolished:bicycle,3
demolished:building,3
demolished:hgv,1
demolished:hgv:national_network,1
demolished:highway,17
demolished:hov,1
demolished:landuse,1
demolished:lanes,2
demolished:leisure,2
demolished:name,2
demolished:name_1,1
demolished:oneway,3
demolished:parking,1
demolished:power,1
demolished:ref,1
demolished:short_name,1
demolished:source,2
demolished:source:hgv:national_network,1
demolished:surface,1
denomination,1930
denotation,1
description,2369
description:en,369
design,275
designation,706
destination,1386
destination:backward,1
destination:forward,1
destination:lanes,22
destination:ref,333
destination:ref:lanes,13
destination:ref:to,2
developer,1
diameter,5
diesel,2
diet:kosher,1
diet:vegan,5
diet:vegetarian,13
diocese,1
dircetions,1
direction,156
direction_part_of_name,6
directions,103
disabled,1
disabled_spaces,2
disc_golf,1
dispensing,107
display,3
distance,9
district,57
disused,114
disused:access,8
disused:aeroway,2
disused:amenity,28
disused:atm,2
disused:attribution,1
disused:barrier,5
disused:builder,1
disused:building,3
disused:bus,16
disused:caltrans:district,1
disused:caltrans:pctuse,1
disused:cuisine,1
disused:description,1
disused:ele,1
disused:emergency,4
disused:gnis:county_id,1
disused:gnis:created,1
disused:gnis:feature_id,1
disused:gnis:state_id,1
disused:highway,25
disused:landuse,7
disused:lanes,1
disused:leisure,1
disused:lot_no,1
disused:maxspeed,1
disused:name,22
disused:office,4
disused:oneway,5
disused:operator,10
disused:phone,2
disused:proposed,3
disused:psv,4
disused:public_transport,22
disused:railway,3
disused:ref,8
disused:restaurant,2
disused:route,1
disused:service,1
disused:shop,16
disused:source,1
disused:source_ref,1
disused:toilets,1
disused:toilets:access,1
disused:tourism,6
disused:train,1
disused:vending,2
divider,5
doctors,1
doctors:name,1
dog,5
dogs,1
drink:beer,2
drink:coca_cola,1
drink:soft_drink,1
drinkable,1
drinking_water,19
drinking_water:legal,4
drive_in,5
drive_in:name,1
drive_through,507
drive_thru,1
duration,7
education,6
ele,15129
electrified,2274
elevation,1
email,132
email_2,1
embankment,35
emergency,1895
emergency_service,17
emergency_vehicles,1
end_date,15
enterance,3
entrance,1005
entrance:type,2
equipment,10
erotic,1
erp,3
erp:day,12
erp:night,12
escalator,10
escalator_dir,3
est,2
est.,3
est_width,5
ethanol,1
exit_to,1494
exit_to:left,49
exit_to:right,65
exit_to_dir,8
faa,38
faa:lfsn,1
facebook,8
facebook:es,1
farm,1
farmland,2
fast_food,2
fast_food:name,1
fastpass,41
fax,163
feature,1
feature_1,1
fee,714
fee:customer,1
fee:description,7
female,12
fence,18
fence:type,3
fence_type,135
fenced,7
field_name,5
finely_mow,1
fire,5
fire_hydrant:position,52
fire_hydrant:type,375
fire_hydrant:water_source,1
firearms,3
fireplace,5
fireworks,3
fixme,530
flag:type,1
flashing_lights,1
floating,85
flood_prone,3
floor_plan,1
floors,1
food,4
foot,5748
footway,8375
ford,139
ford:intermittent,1
forestry,1
foursquare,1
frequency,595
fuel,2
fuel:100LL,1
fuel:HGV_diesel,1
fuel:biodiesel,6
fuel:biofuel,1
fuel:biogas,3
fuel:cng,8
fuel:diesel,224
fuel:e10,1
fuel:e85,4
fuel:electricity,1
fuel:ethanol,1
fuel:gasoline,3
fuel:jet_A,1
fuel:lpg,3
fuel:octane_100,1
fuel:octane_80,1
fuel:octane_87,2
fuel:octane_89,2
fuel:octane_91,12
fuel:octane_92,1
fuel:octane_93,1
fuel:octane_95,3
fuel:octane_98,1
fuel:propane,16
fuel:unleaded,1
fullcourt,1
gambling,7
garden,1
garden:style,1
garden:type,6
gate,1
gate:type,2
gauge,4068
gay,7
generator:method,112
generator:output:cold_water,1
generator:output:electricity,116
generator:output:hot_water,1
generator:output:steam,1
generator:source,142
generator:type,64
genus,86
genus:en,3
geological,1
glass,1
glider,1
gluten_free,1
gnis:Class,922
gnis:County,924
gnis:County_num,922
gnis:ST_alpha,922
gnis:ST_num,922
gnis:county,3
gnis:county_id,10491
gnis:county_name,1833
gnis:created,10904
gnis:edited,633
gnis:fcode,8678
gnis:feature,1
gnis:feature_id,12549
gnis:feature_type,411
gnis:ftype,8149
gnis:id,2626
gnis:import_uuid,1421
gnis:name,1
gnis:reviewed,1377
gnis:state_id,10494
golf,1155
golf:course,19
golf:course:holes,4
golf:course:length,4
golf:course:par,4
golf:course:rating,4
golf:course:slope,4
golf:course:tee_names,1
golf:courses,1
golf:designer,1
golf:length:black,1
golf:length:blue,1
golf:length:red,1
golf:length:white,1
golf:length_unit,2
golf:par,12
golf_cart,100
google_plus,1
grades,27
grooming,1
group_only,3
guide_track,39
guidepost,9
handicap,3
handicapped,1
handicapped_accessible,3
handrail,3
handrail:right,1
harbour,3
hazmat,1
hazmat:0,1
hazmat:2,1
hazmat:3,1
hazmat:ox,1
heading,13
heading:magnetic,5
healthcare,7
healthcare:speciality,1
height,1480
height_requirement,1
heritage,5
heritage:operator,1
hgv,9557
hgv:conditional,1
hgv:hour_off,1
hgv:hour_on,1
hgv:minaxles,103
hgv:minweight,103
hgv:national_network,5029
hgv:state_network,338
highway,463913
highway_1,1
hih,1
hiking,4
hint,1
historic,398
historic:amenity,1
historic:denomination,1
historic:ref,1
historic:religion,1
history,75
hold1,1
hold2,1
hold3,1
holliday_name,1
home,1
hoops,17
horse,2126
hour_off,2
hour_on,2
house,1
housing_type,39
hov,3314
hov:lanes,22
hov:minimum,229
hov:minpeople,31
hunting,2
iata,30
icao,34
ice_road,4
id,5953758
image,117
image_direction,5027
import_uuid,920
impromptu,4
in_service,4
incline,100
indoor,124
industrial,6
informal,1
information,102
inscription,6
inside_submarine_view,1
int_name,11
intermittent,6402
internet_access,95
internet_access:fee,19
internet_access:ssid,1
is_in,1471
is_in:city,840
is_in:continent,25
is_in:country,12229
is_in:country_code,12208
is_in:county,737
is_in:iso_3166_2,185
is_in:state,12205
is_in:state_code,14562
is_in:suburb,5
isced:level,3
jhi,1
ji,18
junction,374
kart,7
kayak_rental,1
kerb,225
key,8
keygnis:state_id,1
kiosk,1
lamp_type,15
landmark,2
landuse,20078
landuse_1,1
lanes,25119
lanes:backward,413
lanes:both_ways,10
lanes:forward,438
language,2
latitude,463
laundry_service,1
layer,12516
layover,1
lcn,27
leaf_cycle,6
leaf_type,127
legal:video,1
leisure,17769
leisure_1,2
length,19
level,391
levels,5
library,1
library:access,1
license,1
licensee:FRN,16
licensee:name,16
licensee:phone,16
lift:stop layers,2
light,65
limit,1
line,14
linear_ref,1
link,4
link:google_plus,1
lit,477
loc_name,411
loc_name:note,1
local_name,1
local_ref,71
locality,1
location,207
longitude,463
lot,8
lot_no,113
male,13
man_made,3373
managed:Mgt_Co,1
manufacturer,1
maritime,7
mascot,1
material,712
max_age,1
maxheight,231
maxlength,1
maxpower_radiated,1
maxspeed,16064
maxspeed:advisory,320
maxspeed:advisory:backward,3
maxspeed:advisory:forward,10
maxspeed:backward,27
maxspeed:children_present,441
maxspeed:forward,26
maxspeed:forward:children_present,2
maxspeed:hgv,1685
maxspeed:practical,5
maxspeed:recommended,3
maxspeed:suggested,6
maxspeed:towing,823
maxspeed:trailer,858
maxspeed:truck,104
maxspeed:type,37
maxstay,23
maxweight,302
maxwidth,1
medical,2
membership,1
memorial,2
memorial:type,1
method,2
microbrewery,11
milepost,53
milepost:county,1371
milepost:rail,6
milepost:state,112
military,14
min_age,3
min_height,28
minimum_height_requirement,38
modifier,2
monitoring:bicycle,1
monitoring:e_zpass,2
monitoring:water_level,85
monitoring_station,2
mooring,1
motor,1
motor_vehicle,1551
motor_vehicle:lanes,16
motorcar,484
motorcycle,332
mountain_pass,2
mown,30
mtb:description,1
mtb:scale,29
mtb:scale:imba,7
mtb:scale:uphill,4
mtb:type,2
multistorey,2
museum,1
name,288999
name:alt,1
name:ar,36
name:ast,1
name:ba,1
name:bn,1
name:botanical,1
name:de,12
name:en,38
name:es,6
name:et,1
name:fr,8
name:full,17
name:he,14
name:hi,1
name:historic,1
name:historic:1915,2
name:historic:1918,1
name:historic:1919,1
name:historic:1924,2
name:historic:1928,1
name:historic:1935,1
name:historic:1945,1
name:historic:1952,1
name:historic:1955,1
name:historic:1956,2
name:historic:1960,1
name:historic:1970,1
name:historic:1977,1
name:historic:1980,1
name:historic:1984,1
name:historic:1986,2
name:historic:1990,1
name:historic:1999,1
name:hu,1
name:id,1
name:ja,1
name:kn,1
name:ko,1
name:lt,2
name:lv,1
name:nl,2
name:note,1
name:old,1
name:prefix,1472
name:pt,1
name:ru,42
name:shortened,1
name:source,1
name:source_ref,2
name:suffix,11
name:ta,1
name:tt,1
name:uk,10
name:vi,1
name:zh,5
name_1,5189
name_2,141
name_3,20
name_4,5
name_5,2
name_6,1
name_alt,1
name_direction,114
name_official,1
naptan:Bearing,3
naptan:Landmark,1
narrow,1
narrow_gauge,2
natural,37359
natural_1,1
nature,1
nem,1
nets,8
network,129
nhd:com_id,8678
nhd:fdate,8678
nhd:reach_code,8603
nhd:way_id,17
nist:fips_code,15
nm,1
node_refs,5953758
noexit,4537
noname,26
noref,262
note,4515
note 1,1
note2,1
note:1,1
note:accuracy,20
note:construction,1
note:en,1
note:hgv,21
note:historic,1
note:history,1
note:imagery,1
note:joke,1
note:lanes,3074
note:maxheight,1
note:maxspeed,5
note:maxwidth,1
note:old_ref,1
note:old_ref:legislative,2
note:plack,1
note:ref,9
note:route,12
note:save for future use,2
note_1,33
note_1:accuracy,7
notes,10
notice,2
nps:verified,68
nudism,1
number_of_ports,1
number_of_stands,1
numberofsteps,1
object,1
occurrence,12
odbl,3920
odbl:note,17
office,389
office_1,1
official_name,578
official_name_1,34
ohv,79
old_attraction_name,2
old_building_name,2
old_name,1319
old_name:comment,2
old_name:prefix,10
old_name_1,13
old_name_1:prefix,5
old_name_2,11
old_name_3,1
old_names,1
old_operator,1
old_parade_names,1
old_railway_operator,321
old_ref,4250
old_ref:legislative,3511
old_ref_legislative,1
old_show_name,1
one,2
oneway,44494
oneway:bicycle,1
oneway:bus,3
open_hours,1
openfire,2
opening,1
opening_hours,1155
opening_hours:note,1
opening_hours:url,2
operator,5416
organic,5
origin,1
osmarender:nameDirection,1
other,1
outdoor,1
outdoor_seating,37
outside_dining,1
overtaking,21
owner,479
ownership,6
par,38
parcel,11
park,5
park:type,131
park_ride,178
parking,2615
parking:condition:area,4
parking:lane,1
parking:lane:both,20
parking_space,1
passenger_lines,137
passengers,1
passing_places,1
path,4
paths,2
paved,4
payment,1
payment:american_express,13
payment:bitcoin,126
payment:cash,33
payment:cherque,3
payment:coins,116
payment:credit,1
payment:credit_cards,28
payment:cryptocurrencies,1
payment:debit_cards,14
payment:diners_club,1
payment:discover_card,13
payment:fastrak,31
payment:laser,1
payment:litecoin,5
payment:maestro,1
payment:mastercard,13
payment:notes,15
payment:vertcoin,1
payment:visa,13
pedalboat_rental,1
pedestrian,1
pet_area,3
pets,2
phone,2439
phone:2,3
phone:incoming,94
phone_1,1
phone_2,1
photography,1
picnic,1
picnic_tables,3
pinterest,1
pipe_type,74
pipeline,1
piste:difficulty,145
piste:name,4
piste:type,145
pitch,1
place,1651
place_name,31
placement,342
placement:backward,7
placement:both_ways,2
placement:end,2
placement:forward,12
placement:start,1
planned,1
plant,3
plant:output:electricity,1
platforms,4
playground,4
playground:access,2
pond,1
pool,1
pop,1
population,284
population:date,1
population:source,1
port_of_entry,1
pos,5953758
post_box,2
post_box:type,16
postal_code,1
power,23618
power_rating,3
power_source,68
power_supply,2
previous_name,1
price,3
private,3
produce,36
prop_description,3
proposed,292
proposed:amenity,1
proposed:building,2
proposed:highway,8
proposed:landuse,5
proposed:leisure,2
proposed:name,5
proposed:public_transport,1
proposed:railway,5
proposed:tourism,1
protect_class,9
protect_id,3
protected,3
protection_title,9
pseudo,1148
psv,126
public,1
public_transport,463
quantity,1
radar,2
radio_transponder,1
radius,1
railway,13030
railway:historic,2
railway:switch,97
railway:turnout_side,97
ramp,7
ramp:bicycle,1
ramp:luggage,1
ramp:stroller,1
ramp:wheelchair,9
ramp_speed,7
rating,3
recycling:aluminium,4
recycling:asphalt,1
recycling:batteries,6
recycling:cans,23
recycling:cardboard,3
recycling:clothes,8
recycling:concrete,1
recycling:fridge_and_freezer,1
recycling:glass,15
recycling:glass_bottles,10
recycling:greenwaste,1
recycling:mobile_phones,1
recycling:oil,1
recycling:paper,9
recycling:plastic,8
recycling:plastic_bottles,3
recycling:printer_cartridges,1
recycling:scrap_metal,4
recycling:sheet_metal,3
recycling:small_appliances,2
recycling:steel,1
recycling:tv_monitor,1
recycling:tyres,1
recycling:white_goods,1
recycling_type,22
rededcation,2
ref,16027
ref:bicycle,6
ref:director,1
ref:left,23
ref:nhrp,1
ref:record_book,3
ref:record_date,3
ref:right,29
ref:ruian:addr,1
ref:security_class,1
ref:shop:num,3
ref:store_number,1
ref:zone:code,7081
ref_name,2
religion,4075
rental,2
repair,1
reservation,2
reservoir_type,5
residential,1
restaurant,1
restistions,1
retail,1
reverse_incline:spec,3
reversible_lane,9
road,1
road_marking,251
role,1
rollerblade,14
roof,3
roof:color,1
roof:colour,84
roof:height,20
roof:levels,53
roof:material,91
roof:orientation,44
roof:shape,300
route,403
route_ref,22
ruins,1
sac_scale,150
sac_scale_ref,2
salt,1
sangis:FOREST_ID,2
sanitary_dump_station,2
sanitary_dump_station:basin,1
sanitary_dump_station:pump-out,1
sanitary_dump_station:round_drain,2
sanitation,3
scout,1
screen,4
scrub,2
seamark,130
seamark:beacon_lateral:category,78
seamark:beacon_lateral:colour,78
seamark:beacon_lateral:shape,20
seamark:beacon_lateral:system,78
seamark:beacon_special_purpose:category,2
seamark:beacon_special_purpose:colour,31
seamark:beacon_special_purpose:height,2
seamark:beacon_special_purpose:shape,23
seamark:building:function,2
seamark:buoy_lateral:category,54
seamark:buoy_lateral:colour,55
seamark:buoy_lateral:shape,54
seamark:buoy_lateral:system,54
seamark:buoy_safe_water:colour,4
seamark:buoy_safe_water:colour_pattern,4
seamark:buoy_safe_water:shape,4
seamark:buoy_special_purpose:category,21
seamark:buoy_special_purpose:colour,55
seamark:buoy_special_purpose:colour_pattern,31
seamark:buoy_special_purpose:information,7
seamark:buoy_special_purpose:shape,53
seamark:fog_signal:category,37
seamark:fog_signal:group,2
seamark:fog_signal:period,18
seamark:harbour:category,2
seamark:information,19
seamark:landmark:category,3
seamark:landmark:colour,2
seamark:light:1:category,6
seamark:light:1:character,16
seamark:light:1:colour,16
seamark:light:1:group,1
seamark:light:1:height,16
seamark:light:1:period,13
seamark:light:1:radius,16
seamark:light:1:range,8
seamark:light:1:sector_end,16
seamark:light:1:sector_start,16
seamark:light:1:sequence,10
seamark:light:2:category,2
seamark:light:2:character,2
seamark:light:2:colour,2
seamark:light:2:height,2
seamark:light:2:orientation,2
seamark:light:3:character,2
seamark:light:3:colour,2
seamark:light:3:height,2
seamark:light:3:radius,2
seamark:light:3:sector_end,2
seamark:light:3:sector_start,2
seamark:light:category,2
seamark:light:character,183
seamark:light:colour,184
seamark:light:group,15
seamark:light:height,115
seamark:light:period,149
seamark:light:range,115
seamark:light:reference,10
seamark:light:sequence,89
seamark:name,171
seamark:radar_transponder:category,2
seamark:radar_transponder:group,2
seamark:reference,204
seamark:small_craft_facility:category,9
seamark:status,21
seamark:topmark:colour,71
seamark:topmark:colour_pattern,19
seamark:topmark:shape,86
seamark:type,311
seasonal,7
seats,104
second_hand,4
segregated,363
self_service,76
ser,1
service,50693
service:bicycle:chain_tool,21
service:bicycle:diy,11
service:bicycle:pump,17
service:bicycle:rental,6
service:bicycle:repair,10
service:bicycle:retail,7
service:print,1
service_times,1
service_type,1
services,1
shape,1
shelter,1045
shelter_type,15
ship:type,3
shooting,1
shop,5299
shop:disused,1
shop_1,1
shopping,1
short_name,195
shoulder:right,21
show,25
show_names,1
shower,3
sidewalk,1001
sidewalk_1,1
sidewalk_distance,4
sign,8
sister_city,1
sister_city_1,1
site,1
skateboard,4
ski,53
sloped_curb,10
smoking,284
smoking:outside,2
smoothness,270
snowmobile,44
social_facility,115
social_facility:for,20
socket:chademo,7
socket:type1,7
socket:type1_combo,7
source,189545
source:access,90
source:addr,1
source:address,1
source:aeroway,1
source:alt_name,7
source:bicycle,259
source:bridge,1003
source:building,70
source:capacity,1
source:cycleway,603
source:date,206
source:daytime_headlight,2
source:ele,20
source:exit_to,1
source:generator,1
source:geometry,106
source:hgv,522
source:hgv:national_network,4881
source:hgv:state_network,338
source:highway,410
source:lanes,1870
source:layer,1
source:location,18
source:maxheight,151
source:maxspeed,6366
source:maxspeed:advisory,225
source:maxspeed:advisory:forward,1
source:maxspeed:backward,15
source:maxspeed:children_present,184
source:maxspeed:forward,19
source:maxspeed:forward:children_present,2
source:maxspeed:hgv,390
source:maxspeed:recommended,3
source:maxspeed:reverse,4
source:maxspeed:suggested,2
source:maxspeed:towing,380
source:maxspeed_children_present,5
source:maxweight,156
source:motor_vehicle,1
source:name,516
source:name_1,2
source:noname,11
source:official_name,76
source:old_name,2
source:oneway,129
source:opening_hours,5
source:outline,6
source:overtaking,21
source:pkey,87
source:population,1
source:position,4
source:price,3
source:private,4
source:record_book,3
source:ref,54
source:smoothness,3
source:start_date,5
source:surface,21
source:towing,15
source:tunnel,5
source:url,8
source:website,85
source_1,16
source_1:date,3
source_date,539
source_ref,50637
source_ref:access,88
source_ref:bicycle,224
source_ref:bridge,818
source_ref:cycleway,260
source_ref:daytime_headlight,2
source_ref:hgv,524
source_ref:lanes,679
source_ref:layer,1
source_ref:maxheight,149
source_ref:maxspeed,4436
source_ref:maxspeed:advisory,158
source_ref:maxspeed:backward,15
source_ref:maxspeed:children_present,189
source_ref:maxspeed:forward,19
source_ref:maxspeed:forward:children_present,2
source_ref:maxspeed:hgv,366
source_ref:maxspeed:recommended,3
source_ref:maxspeed:reverse,4
source_ref:maxspeed:suggested,2
source_ref:maxspeed:towing,356
source_ref:maxspeed_children_present,5
source_ref:maxweight,155
source_ref:name,9
source_ref:official_name,76
source_ref:old_name,2
source_ref:oneway,97
source_ref:opening_hours,5
source_ref:price,3
source_ref:private,1
source_ref:ref,53
source_ref:smoothness,3
source_ref:start_date,5
source_ref:towing,16
source_ref:tunnel,4
source_ref:url,4
source_ref_building,398
source_url,109
spaces,1
spc:cf,2
spc:conv_angle,2
spc:datum,2
spc:easting,2
spc:erf,2
spc:northing,2
spc:scale,2
spc:zone,2
species,7
sport,4828
stairs,1
stalls,2
stars,14
start_date,151
start_date:tunnel,1
state,7
state_park:state,1
stations,1
statue,1
step.condition,1
step.height,1
step.length,1
step_count,38
steps,4
stop,266
stop_id,1
stopsign,2
storage,64
store,1
store_name,2
store_number,4
store_ref,2
stories,1
stream,7
structure,268
subject,1
substation,13
supervised,178
support,3
surface,21888
surveillance,14
surveillance:type,26
survey:date,22
survey_point:duration,9
survey_ref,17
swimming_pool,3
swimming_pool:access,2
swing_gate:type,6
tactile_paving,45
tag,1
take_out,1
takeaway,79
tank:type,61
tdd,5
telescope:diameter,18
telescope:type,21
telescope:usage,2
tents,7
test_only,2
theatre,3
theatre:genre,2
theatre:type,4
tiger:ALAND,264
tiger:AREAID,264
tiger:AWATER,264
tiger:CLASSFP,186
tiger:COUNTYFP,264
tiger:CPI,186
tiger:FUNCSTAT,186
tiger:LSAD,186
tiger:MTFCC,329
tiger:NAME,186
tiger:NAMELSAD,186
tiger:PCICBSA,186
tiger:PCINECTA,186
tiger:PLACEFP,186
tiger:PLACENS,186
tiger:PLCIDFP,186
tiger:STATEFP,450
tiger:cfcc,198661
tiger:county,198918
tiger:countyfp,93
tiger:flags,93
tiger:lfromadd,7
tiger:linearid,1765
tiger:ltoadd,7
tiger:mtfcc,2111
tiger:name,1
tiger:name_base,182050
tiger:name_base_1,8885
tiger:name_base_2,726
tiger:name_base_3,38
tiger:name_base_4,18
tiger:name_direction_prefix,29577
tiger:name_direction_prefix_1,1454
tiger:name_direction_prefix_2,58
tiger:name_direction_prefix_3,2
tiger:name_direction_suffix,1304
tiger:name_direction_suffix_1,55
tiger:name_direction_suffix_2,1
tiger:name_direction_suffix_3,2
tiger:name_direction_suffix_4,1
tiger:name_directions,1
tiger:name_full,211
tiger:name_prefix,2
tiger:name_type,163171
tiger:name_type_1,5871
tiger:name_type_2,318
tiger:name_type_3,14
tiger:name_type_4,1
tiger:reviewed,115195
tiger:rfromadd,7
tiger:rtoadd,7
tiger:separated,115018
tiger:source,121900
tiger:statefp,93
tiger:tlid,121310
tiger:upload_uuid,24561
tiger:zip,3
tiger:zip_left,150734
tiger:zip_left_1,4426
tiger:zip_left_2,1142
tiger:zip_left_3,422
tiger:zip_left_4,139
tiger:zip_right,146183
tiger:zip_right_1,1769
tiger:zip_right_2,410
tiger:zip_right_3,153
tiger:zip_right_4,53
tiger:zip_right_5,1
tiger_reviewed,36
time,2
time_off,1
time_on,1
todo,1
toilets,102
toilets:access,92
toilets:barrier:key,1
toilets:disposal,59
toilets:handwashing,5
toilets:paper_supplied,5
toilets:position,7
toilets:wheelchair,10
toll,552
toll:hov,32
tomb,3
topmark,41
topmark:colour,9
topmark:shape,9
tourism,2300
towards,578
tower,1
tower:construction,2
tower:type,348
track,5
tracks,627
tracktype,2499
tract,77
tract_#,1
trade,1
traffic_calming,1681
traffic_sign,500
traffic_sign:backward,3
traffic_sign:forward,3
traffic_signals,6
traffic_signals:direction,47
traffic_signals:sound,1
trail_visibility,84
train,37
tram,2
transformer,6
transport,1
tree_type,1
trees,13
tunnel,2188
tunnel_name,5
tunnel_ref,5
turn,4
turn:lanes,418
turn:lanes:backward,106
turn:lanes:forward,112
turnout:backward,30
turnout:forward,19
twitter,5
type,5953758
typeuse,368
undefined,1
unisex,10
units,2
unsigned_ref,116
uploaded_by,37
urgent_care,4
url,259
url:official,1
usage,2240
use,1
var,1
variation,35
vegan,1
vehicle,106
vending,46
visibility,3
voltage,787
wall,2
wall_type,1
waste,61
water,307
water_tank:volume,2
waterway,13435
weapons,1
webcam,1
website,3406
website:en,1
website:es,22
website:promotional,1
website_1,1
wetap:credit,5
wetap:flow,26
wetap:photo,40
wetap:quality,26
wetap:status,138
wetap:statusnote,6
wetap:temperature,27
wetland,32
wheelchair,2016
wheelchair:description,1
wheelchair_entrance,1
whitewater:section_grade,3
width,367
wifi,44
wifi_provider,1
wikidata,9
wikipedia,858
winter_road,2
wires,490
wood,3
wpt_description,54
wpt_symbol,71
x_coordinate,3
y_coordinate,3
yds,18
year,2
yelp,100
yesterland,1
zip_left,58
zip_right,56
